{"cameraMode":{"drawMode":0,"name":"Shaded","section":"Shading Mode"},"sceneLighting":true,"audioPlay":false,"sceneViewState":{"showFog":true,"showMaterialUpdate":false,"showSkybox":true,"showFlares":true,"showImageEffects":true,"showParticleSystems":true},"in2DMode":false,"pivot":{"x":1988.61376953125,"y":261.7374267578125,"z":-55.23876953125},"rotation":{"x":-0.027699081227183343,"y":0.27441343665122988,"z":-0.007907424122095108,"w":-0.9611853957176209},"size":385.8324890136719,"orthographic":false}